engine,scale,rows,query,result_rows,median_ms,p95_ms,data_mb,index_mb,grow_seconds
PostgreSQL,1,76720,Q1,10,0.516,0.536,5.0,6.3,0.0
PostgreSQL,1,76720,Q2,30,0.288,0.291,5.0,6.3,0.0
PostgreSQL,1,76720,Q6,360,10.298,15.223,5.0,6.3,0.0
PostgreSQL,10,767200,Q1,10,0.516,0.528,47.6,62.1,14.2
PostgreSQL,10,767200,Q2,30,0.303,0.374,47.6,62.1,14.2
PostgreSQL,10,767200,Q6,3610,201.092,213.454,47.6,62.1,14.2
PostgreSQL,30,2301600,Q1,10,0.526,0.627,142.7,186.5,40.0
PostgreSQL,30,2301600,Q2,30,0.295,0.359,142.7,186.5,40.0
PostgreSQL,30,2301600,Q6,10810,653.786,717.418,142.7,186.5,40.0
MySQL 8.0,1,76720,Q1,10,0.792,0.811,4.5,9.0,0.0
MySQL 8.0,1,76720,Q2,30,0.642,0.652,4.5,9.0,0.0
MySQL 8.0,1,76720,Q6,360,39.461,41.176,4.5,9.0,0.0
MySQL 8.0,10,767200,Q1,10,1.9,2.027,38.6,68.2,64.7
MySQL 8.0,10,767200,Q2,30,1.154,1.411,38.6,68.2,64.7
MySQL 8.0,10,767200,Q6,3610,396.798,414.126,38.6,68.2,64.7
MySQL 8.0,30,2301600,Q1,10,0.972,1.034,113.7,198.4,292.8
MySQL 8.0,30,2301600,Q2,30,0.75,0.76,113.7,198.4,292.8
MySQL 8.0,30,2301600,Q6,10810,5577.347,9824.657,113.7,198.4,292.8
