engine,query,description,status,rows,runs,median_ms,p95_ms,min_ms,max_ms
PostgreSQL,Q1,Statistik hari ini: pivot hujan per kecamatan satu tanggal,dijalankan,10,30,0.452,0.537,0.448,0.553
PostgreSQL,Q2,Tren 30 hari satu kecamatan satu band,dijalankan,30,30,0.293,0.307,0.252,0.468
PostgreSQL,Q3,Spasial: kecamatan beririsan poligon + luas irisan geodesik (km²),dijalankan,12,30,1.342,2.15,1.045,2.181
PostgreSQL,Q4,"Evaluasi alert: hit / miss / false alarm (WARNING+, 0–3 hari)",dijalankan,3,30,1.764,2.722,0.977,3.033
PostgreSQL,Q5,Lineage: leluhur satu produk sampai 6 tingkat (WITH RECURSIVE),dijalankan,6,30,0.823,1.569,0.572,1.671
MySQL 8.0,Q1,Statistik hari ini: pivot hujan per kecamatan satu tanggal,dijalankan,10,30,1.136,1.3,0.953,1.351
MySQL 8.0,Q2,Tren 30 hari satu kecamatan satu band,dijalankan,30,30,0.666,0.71,0.642,0.718
MySQL 8.0,Q3,Spasial: kecamatan beririsan poligon + luas irisan geodesik (km²),dijalankan,12,30,22.567,23.029,17.702,23.114
MySQL 8.0,Q4,"Evaluasi alert: hit / miss / false alarm (WARNING+, 0–3 hari)",dijalankan,3,30,16.641,17.215,14.679,17.32
MySQL 8.0,Q5,Lineage: leluhur satu produk sampai 6 tingkat (WITH RECURSIVE),dijalankan,6,30,0.425,0.492,0.416,0.505
